{
    "title": "Anasazi Rubble",
    "prefabID": 919092475,
    "density": 100,
    "frequency": 40,
    "floor": 504,
    "ceiling": 1000,
    "avoidTopo": true,
    "flipping": false,
    "tilting": true,
    "scalesLow": {
        "x": 0.42402827739715578,
        "y": 0.4151943325996399,
        "z": 0.42402899265289309
    },
    "scalesHigh": {
        "x": 0.7508834600448608,
        "y": 0.7508829832077026,
        "z": 0.7508834600448608
    },
    "rotationsLow": {
        "x": 0.0,
        "y": 0.0,
        "z": 89.6819839477539
    },
    "rotationsHigh": {
        "x": 3.816255569458008,
        "y": 360.0,
        "z": 90.95405578613281
    },
    "zOffset": 0.0,
    "slopeLow": 12.579540252685547,
    "slopeHigh": 25.558897018432618
}