{
    "title": "Anasazi Pillars",
    "prefabID": 181322589,
    "density": 200,
    "frequency": 220,
    "floor": 513,
    "ceiling": 1000,
    "avoidTopo": true,
    "flipping": false,
    "tilting": true,
    "scalesLow": {
        "x": 1.537102460861206,
        "y": 0.8215547800064087,
        "z": 0.8215547800064087
    },
    "scalesHigh": {
        "x": 1.863957166671753,
        "y": 1.236748456954956,
        "z": 1.27208411693573
    },
    "rotationsLow": {
        "x": 0.0,
        "y": 0.0,
        "z": 89.6819839477539
    },
    "rotationsHigh": {
        "x": 3.816255569458008,
        "y": 360.0,
        "z": 90.95405578613281
    },
    "zOffset": -2.0,
    "slopeLow": 15.22659969329834,
    "slopeHigh": 25.558897018432618
}