{
    "title": "Anasazi Cliffs",
    "prefabID": 181322589,
    "density": 100,
    "frequency": 10,
    "floor": 490,
    "ceiling": 1000,
    "avoidTopo": true,
    "flipping": false,
    "tilting": true,
    "scalesLow": {
        "x": 1.5261483192443848,
        "y": 1.5438162088394166,
        "z": 1.5261483192443848
    },
    "scalesHigh": {
        "x": 2.4505300521850588,
        "y": 2.4593639373779299,
        "z": 2.4593639373779299
    },
    "rotationsLow": {
        "x": 0.0,
        "y": 0.0,
        "z": 89.0
    },
    "rotationsHigh": {
        "x": 3.0,
        "y": 359.0,
        "z": 91.0
    },
    "zOffset": -11.0,
    "slopeLow": 40.0,
    "slopeHigh": 90.0
}