{
    "title": "Arid formations large",
    "prefabID": 2506672559,
    "prefabID0": 0,
    "prefabID1": 3830715959,
    "prefabID2": 2506672559,
    "prefabID3": 0,
    "prefabID4": 0,
    "prefabID5": 0,
    "prefabID6": 0,
    "prefabID7": 0,
    "density": 1250,
    "frequency": 100,
    "floor": 505,
    "ceiling": 1000,
    "biomeIndex": 2,
    "avoidTopo": true,
    "flipping": false,
    "tilting": false,
    "normalizeX": true,
    "normalizeY": true,
    "normalizeZ": true,
    "biomeExclusive": true,
    "scalesLow": {
        "x": 1.0326086282730103,
        "y": 1.0326087474822999,
        "z": 1.0326083898544312
    },
    "scalesHigh": {
        "x": 1.0326086282730103,
        "y": 1.0326087474822999,
        "z": 1.0326083898544312
    },
    "rotationsLow": {
        "x": 89.49152374267578,
        "y": 0.0,
        "z": 0.0
    },
    "rotationsHigh": {
        "x": 90.84745788574219,
        "y": 360.0,
        "z": 0.0
    },
    "zOffset": -0.15000000596046449,
    "slopeLow": 1.4600024223327637,
    "slopeHigh": 3.4449758529663088
}