{
    "title": "China Plains Boulders 3",
    "prefabID": 717806699,
    "density": 150,
    "frequency": 80,
    "floor": 505,
    "ceiling": 1000,
    "avoidTopo": true,
    "flipping": true,
    "tilting": true,
    "scalesLow": {
        "x": 1.0124495029449463,
        "y": 1.0301176309585572,
        "z": 1.0124497413635255
    },
    "scalesHigh": {
        "x": 1.4745044708251954,
        "y": 1.5860761404037476,
        "z": 1.5347073078155518
    },
    "rotationsLow": {
        "x": 0.0,
        "y": 0.0,
        "z": 0.0
    },
    "rotationsHigh": {
        "x": 360.0,
        "y": 360.0,
        "z": 360.0
    },
    "zOffset": 0.0,
    "slopeLow": 0.0,
    "slopeHigh": 25.117645263671876
}