{
    "title": "China Bushes",
    "prefabID": 0,
    "prefabID0": 0,
    "prefabID1": 3184353958,
    "prefabID2": 1138882559,
    "prefabID3": 0,
    "prefabID4": 0,
    "prefabID5": 0,
    "prefabID6": 0,
    "prefabID7": 0,
    "density": 100,
    "frequency": 20,
    "floor": 520,
    "ceiling": 1000,
    "biomeIndex": 1,
    "avoidTopo": true,
    "flipping": false,
    "tilting": false,
    "normalizeX": true,
    "normalizeY": true,
    "normalizeZ": true,
    "biomeExclusive": false,
    "scalesLow": {
        "x": 1.5107386112213135,
        "y": 1.169590711593628,
        "z": 1.3231390714645386
    },
    "scalesHigh": {
        "x": 2.5633704662323,
        "y": 2.397660970687866,
        "z": 2.492729902267456
    },
    "rotationsLow": {
        "x": 90.0,
        "y": 0.0,
        "z": 0.0
    },
    "rotationsHigh": {
        "x": 90.0,
        "y": 0.0,
        "z": 0.0
    },
    "zOffset": 0.0,
    "slopeLow": 29.040634155273439,
    "slopeHigh": 53.769325256347659
}