{
    "title": "China Cliffs",
    "prefabID": 181322589,
    "density": 100,
    "frequency": 10,
    "floor": 490,
    "ceiling": 1000,
    "avoidTopo": true,
    "flipping": false,
    "tilting": true,
    "scalesLow": {
        "x": 3.067244052886963,
        "y": 2.0575149059295656,
        "z": 1.988477110862732
    },
    "scalesHigh": {
        "x": 3.5292985439300539,
        "y": 2.4593636989593508,
        "z": 2.459364414215088
    },
    "rotationsLow": {
        "x": 0.0,
        "y": 0.0,
        "z": 89.0
    },
    "rotationsHigh": {
        "x": 3.0,
        "y": 355.9178161621094,
        "z": 91.0
    },
    "zOffset": -24.0,
    "slopeLow": 40.0,
    "slopeHigh": 90.0
}