{
    "title": "China Cliff Bushes",
    "prefabID": 3809416830,
    "density": 140,
    "frequency": 25,
    "floor": 490,
    "ceiling": 1000,
    "avoidTopo": true,
    "flipping": false,
    "tilting": false,
    "scalesLow": {
        "x": 3.067244052886963,
        "y": 2.0575149059295656,
        "z": 3.067244052886963
    },
    "scalesHigh": {
        "x": 4.094367027282715,
        "y": 2.4593636989593508,
        "z": 4.15457010269165
    },
    "rotationsLow": {
        "x": 0.0,
        "y": 0.0,
        "z": 0.0
    },
    "rotationsHigh": {
        "x": 0.0,
        "y": 360.0,
        "z": 0.0
    },
    "zOffset": 0.0,
    "slopeLow": 50.19117736816406,
    "slopeHigh": 90.0
}