{
    "title": "China Cliffs 2",
    "prefabID": 732484098,
    "prefabID0": 0,
    "prefabID1": 732484098,
    "prefabID2": 2939550396,
    "prefabID3": 1077083573,
    "prefabID4": 0,
    "prefabID5": 0,
    "prefabID6": 0,
    "prefabID7": 0,
    "density": 100,
    "frequency": 30,
    "floor": 520,
    "ceiling": 1000,
    "biomeIndex": 1,
    "avoidTopo": true,
    "flipping": true,
    "tilting": false,
    "normalizeX": false,
    "normalizeY": false,
    "normalizeZ": false,
    "biomeExclusive": false,
    "scalesLow": {
        "x": 1.0429022312164307,
        "y": 1.0307414531707764,
        "z": 1.0307414531707764
    },
    "scalesHigh": {
        "x": 1.0429022312164307,
        "y": 1.0307414531707764,
        "z": 1.0307414531707764
    },
    "rotationsLow": {
        "x": 0.0,
        "y": 0.0,
        "z": 0.0
    },
    "rotationsHigh": {
        "x": 1.301989197731018,
        "y": 360.0,
        "z": 1.301989197731018
    },
    "zOffset": -1.0,
    "slopeLow": 46.75506591796875,
    "slopeHigh": 90.0
}