{
    "title": "Container Cliffs 2",
    "prefabID": 579459297,
    "density": 150,
    "frequency": 50,
    "floor": 500,
    "ceiling": 1000,
    "avoidTopo": true,
    "flipping": false,
    "tilting": true,
    "scalesLow": {
        "x": 2.9347829818725588,
        "y": 2.9891304969787599,
        "z": 2.9347822666168215
    },
    "scalesHigh": {
        "x": 2.9347829818725588,
        "y": 2.9891304969787599,
        "z": 2.9347822666168215
    },
    "rotationsLow": {
        "x": 0.0,
        "y": 0.0,
        "z": 82.17391204833985
    },
    "rotationsHigh": {
        "x": 0.0,
        "y": 360.0,
        "z": 95.21736145019531
    },
    "zOffset": -10.0,
    "slopeLow": 55.0,
    "slopeHigh": 90.0
}