{
    "title": "Meat Cliffs",
    "prefabID": 1535554998,
    "density": 100,
    "frequency": 5,
    "floor": 400,
    "ceiling": 1000,
    "avoidTopo": true,
    "flipping": false,
    "tilting": true,
    "scalesLow": {
        "x": 27.925987243652345,
        "y": 27.945932388305665,
        "z": 28.066272735595704
    },
    "scalesHigh": {
        "x": 30.0,
        "y": 30.0,
        "z": 30.0
    },
    "rotationsLow": {
        "x": 0.0,
        "y": 0.0,
        "z": 0.0
    },
    "rotationsHigh": {
        "x": 360.0,
        "y": 4.217408180236816,
        "z": 2.46575927734375
    },
    "zOffset": -2.0,
    "slopeLow": 26.945552825927736,
    "slopeHigh": 90.0
}