{
    "title": "Road Cones",
    "prefabID": 2371334959,
    "density": 1000,
    "frequency": 10,
    "floor": 500,
    "ceiling": 1000,
    "avoidTopo": true,
    "flipping": false,
    "tilting": false,
    "scalesLow": {
        "x": 1.7391303777694703,
        "y": 1.79347825050354,
        "z": 1.8478257656097413
    },
    "scalesHigh": {
        "x": 2.17391300201416,
        "y": 2.11956524848938,
        "z": 2.173912763595581
    },
    "rotationsLow": {
        "x": 0.0,
        "y": 0.0,
        "z": 0.0
    },
    "rotationsHigh": {
        "x": 0.0,
        "y": 360.0,
        "z": 0.0
    },
    "zOffset": -0.25999999046325686,
    "slopeLow": 0.0,
    "slopeHigh": 9.305547714233399
}