{
    "title": "Shipping Container Cliffs 4",
    "prefabID": 590056683,
    "density": 150,
    "frequency": 50,
    "floor": 490,
    "ceiling": 1000,
    "avoidTopo": true,
    "flipping": true,
    "tilting": true,
    "scalesLow": {
        "x": 3.102599620819092,
        "y": 3.0450644493103029,
        "z": 3.102600574493408
    },
    "scalesHigh": {
        "x": 3.429454803466797,
        "y": 3.3807530403137209,
        "z": 3.429455280303955
    },
    "rotationsLow": {
        "x": 0.0,
        "y": 0.0,
        "z": 86.67195129394531
    },
    "rotationsHigh": {
        "x": 3.816255569458008,
        "y": 360.0,
        "z": 95.16810607910156
    },
    "zOffset": -10.0,
    "slopeLow": 55.10418701171875,
    "slopeHigh": 90.0
}