{
    "title": "Shipping Container Cliffs 2",
    "prefabID": 579459297,
    "density": 150,
    "frequency": 50,
    "floor": 490,
    "ceiling": 1000,
    "avoidTopo": true,
    "flipping": true,
    "tilting": true,
    "scalesLow": {
        "x": 3.005197048187256,
        "y": 3.0937657356262209,
        "z": 3.0538992881774904
    },
    "scalesHigh": {
        "x": 3.332052707672119,
        "y": 3.4294543266296388,
        "z": 3.380753993988037
    },
    "rotationsLow": {
        "x": 0.0,
        "y": 0.0,
        "z": 86.67195129394531
    },
    "rotationsHigh": {
        "x": 3.816255569458008,
        "y": 360.0,
        "z": 95.16810607910156
    },
    "zOffset": -10.0,
    "slopeLow": 55.10418701171875,
    "slopeHigh": 90.0
}