{
    "title": "Shipping Container Cliffs 3",
    "prefabID": 241986762,
    "density": 150,
    "frequency": 50,
    "floor": 490,
    "ceiling": 1000,
    "avoidTopo": true,
    "flipping": true,
    "tilting": true,
    "scalesLow": {
        "x": 3.005197048187256,
        "y": 2.9963631629943849,
        "z": 3.0051980018615724
    },
    "scalesHigh": {
        "x": 3.332052230834961,
        "y": 3.3320517539978029,
        "z": 3.332052707672119
    },
    "rotationsLow": {
        "x": 0.0,
        "y": 0.0,
        "z": 86.67195129394531
    },
    "rotationsHigh": {
        "x": 3.816255569458008,
        "y": 360.0,
        "z": 95.16810607910156
    },
    "zOffset": -10.0,
    "slopeLow": 55.10418701171875,
    "slopeHigh": 90.0
}