{
    "title": "Tires 2",
    "prefabID": 3007326564,
    "density": 300,
    "frequency": 40,
    "floor": 500,
    "ceiling": 1000,
    "avoidTopo": true,
    "flipping": false,
    "tilting": false,
    "scalesLow": {
        "x": 0.9782608151435852,
        "y": 0.9782608151435852,
        "z": 0.9782605171203613
    },
    "scalesHigh": {
        "x": 0.9782608151435852,
        "y": 0.9782608151435852,
        "z": 0.9782605171203613
    },
    "rotationsLow": {
        "x": 0.0,
        "y": 0.0,
        "z": 0.0
    },
    "rotationsHigh": {
        "x": 0.0,
        "y": 360.0,
        "z": 0.0
    },
    "zOffset": -0.15000000596046449,
    "slopeLow": 0.0,
    "slopeHigh": 10.416658401489258
}