{
    "title": "Uqbar Cliffs",
    "prefabID": 181322589,
    "density": 69,
    "frequency": 5,
    "floor": 510,
    "ceiling": 556,
    "avoidTopo": true,
    "flipping": false,
    "tilting": true,
    "scalesLow": {
        "x": 1.7999999523162842,
        "y": 1.7999999523162842,
        "z": 1.7999999523162842
    },
    "scalesHigh": {
        "x": 2.0,
        "y": 2.0,
        "z": 2.0
    },
    "rotationsLow": {
        "x": 0.0,
        "y": 0.0,
        "z": 89.0
    },
    "rotationsHigh": {
        "x": 3.0,
        "y": 359.0,
        "z": 91.0
    },
    "zOffset": -14.800000190734864,
    "slopeLow": 40.0,
    "slopeHigh": 90.0
}